{
    "threats_kappas": 0.9591304098431187,
    "mitigations_kappas": 0.672136520285686,
    "risk_same_kappas": 0.6930085165379277,
    "risk_more_kappas": 0.48209491879988164,
    "risk_less_kappas": 0.6889070072926596
}