{
    "threats_kappas": 0.9598592453876211,
    "mitigations_kappas": 0.6760107120499841,
    "risk_same_kappas": 0.6953472648080937,
    "risk_more_kappas": 0.4910601473431674,
    "risk_less_kappas": 0.6976140969604339
}