,kappa,SE,min CI,max CI
0,0.0,0.3719304450825649,-0.7289836723618272,0.7289836723618272
1,0.0,0.3719304450825649,-0.7289836723618272,0.7289836723618272
