,kappa,SE,min CI,max CI
0,0.0,0.9977349914291747,-1.9555605832011822,1.9555605832011822
1,0.0,0.9977349914291747,-1.9555605832011822,1.9555605832011822
