{
    "category_kappa": 0.03294181179975146,
    "asset_kappa": 0.03294181179975146
}