{
    "category_kappa": 0.04716899248726312,
    "asset_kappa": 0.04716899248726312
}