{
    "threats_kappas": 0.9843479627426874,
    "mitigations_kappas": 0.8677353237718016,
    "risk_same_kappas": 0.6107328758487545,
    "risk_more_kappas": 0.8452247846761028,
    "risk_less_kappas": 0.6443720955366076
}