{
    "category_kappa": -7.895360226569909e-05,
    "asset_kappa": -7.895360226569909e-05
}