{
    "category_kappa": -6.316188345635446e-05,
    "asset_kappa": -6.316188345635446e-05
}