{
    "category_kappa": -5.747456788328635e-05,
    "asset_kappa": -5.747456788328635e-05
}