{
    "category_kappa": 0.2991944764097157,
    "asset_kappa": 0.2991944764097157
}