{
    "category_kappa": 0.31911709689486756,
    "asset_kappa": 0.31911709689486756
}