{
    "threats_kappas": 0.8980016879263476,
    "mitigations_kappas": 0.5416711356329196,
    "risk_same_kappas": 0.6463936717177419,
    "risk_more_kappas": 0.06207123256331659,
    "risk_less_kappas": 0.5729036321317432
}